"","id","comps","comp_score","1st","2nd","3rd","4th","5th","score","name"
"86",85,0,0,0,0,0,0,0,0,"-|Major|-{IF}"
"384",383,2,0,0,0,0,0,0,0,"-=XEROX=-"
"10",9,0,0,0,0,0,0,0,0,"-31.N3O-"
"151",150,0,0,0,0,0,0,0,0,"-Kapo-"
"374",373,28,0,0,0,0,0,0,22,"-NomN"
"714",713,1,0,0,0,0,0,0,0,"-Qhm_zer0"
"391",390,4,0,0,0,0,0,0,0,"-RAW-"
"429",428,130,0,0,0,0,0,0,6,"-TheBest-"
"789",788,21,0,0,0,0,0,0,6,"!^ChOpPeR^!"
"917",916,1,0,0,0,0,0,0,0,"(6)ghost"
"237",236,406,0,10,31,37,24,28,3000,"(MCS)Faderjok"
"390",389,1,0,0,0,0,0,0,0,"(MCS)yogurt"
"617",616,1,0,0,0,0,0,0,0,"*abc_"
"91",90,0,0,0,0,0,0,0,0,"*agg--"
"612",611,1,0,0,0,0,0,0,0,"*Qhm*zer0!"
"835",834,1,0,0,0,0,0,0,0,","
"564",563,18,0,0,0,0,0,0,13,"."
"1101",1100,1,0,0,0,0,0,0,0,".race_11"
"948",947,72,0,0,0,0,4,3,226,":pP:Izanag"
"190",189,0,0,0,0,0,0,0,0,"?"
"199",198,0,0,0,0,0,0,0,0,"[.:vasched:.]"
"18",17,0,0,0,0,0,0,0,0,"[=r0x=]"
"119",118,0,0,0,0,0,0,0,0,"[=rOx=]"
"541",540,1901,0,4,53,74,116,96,10617,"[3M.ROSS]"
"88",87,0,0,0,0,0,0,0,0,"[AoF.eni]"
"120",119,0,0,0,0,0,0,0,0,"[bdj]_zer0"
"64",63,0,0,0,0,0,0,0,0,"[BrowseR]"
"554",553,5,0,0,0,0,0,0,0,"[BTF]blackpenta"
"994",993,6,0,0,0,0,0,0,0,"[BTF]Dead_Beat"
"242",241,7,0,0,0,0,0,0,0,"[BTF]MK-801"
"53",52,0,0,0,0,0,0,0,0,"[BuZz]"
"90",89,0,0,0,0,0,0,0,0,"[Clone]War"
"581",580,158,0,0,0,0,0,0,29,"[DARF]BALLS"
"1129",1128,1,0,0,0,0,0,0,0,"[DARF]JAY"
"26",25,0,0,0,0,0,0,0,0,"[eG]dOc"
"693",692,3,0,0,0,0,0,0,0,"[GLUR]_jB"
"112",111,0,0,0,0,0,0,0,0,"[ISR]DraGoN<G>"
"1041",1040,1,0,0,0,0,0,0,0,"[mAc]"
"155",154,0,0,0,0,0,0,0,0,"[MaG]Dave"
"669",668,1,0,0,0,0,0,0,0,"[MD]HaXch"
"826",825,2,0,0,0,0,0,0,0,"[NV]Poborovy_D"
"713",712,1,0,0,0,0,0,0,0,"[Q2EV]i<3JN"
"33",32,0,0,0,0,0,0,0,0,"[QWA]Dyri"
"11",10,0,0,0,0,0,0,0,0,"[Ramon]"
"50",49,0,0,0,0,0,0,0,0,"[RC]HaTuK"
"83",82,0,0,0,0,0,0,0,0,"[REV]Jonny8D"
"584",583,43,0,0,0,0,0,0,11,"[SARS]PONG"
"304",303,217,0,1,4,5,12,11,1208,"[sf]fasadin"
"105",104,0,0,0,0,0,0,0,0,"[SK8MASTER]"
"34",33,0,0,0,0,0,0,0,0,"[SoD]Gerdt"
"113",112,0,0,0,0,0,0,0,0,"[Sp0oN]"
"594",593,16,0,0,0,0,0,0,13,"[T9k]OxyTommy"
"1048",1047,12,0,0,0,0,0,0,25,"[tige]edvin"
"49",48,0,0,0,0,0,0,0,0,"[TNJ]÷åã"
"141",140,0,0,0,0,0,0,0,0,"[toostoned"
"580",579,256,0,0,0,1,1,0,222,"[TURD]BURGER"
"196",195,0,0,0,0,0,0,0,0,"[VM]Dwarf"
"43",42,0,0,0,0,0,0,0,0,"[VVV]*Go{}aZ"
"36",35,0,0,0,0,0,0,0,0,"[WCJ]uLiKo"
"48",47,0,0,0,0,0,0,0,0,"[Wishy]"
"127",126,0,0,0,0,0,0,0,0,"[XSTNC]Islayd"
"55",54,0,0,0,0,0,0,0,0,"[XSTNC]Metal"
"15",14,0,0,0,0,0,0,0,0,"[XTC]^NightWish"
"739",738,3,0,0,0,0,0,0,0,"^1B^2e^3r^4s^5e"
"78",77,0,0,0,0,0,0,0,0,"^Coke"
"546",545,1182,0,3,7,12,34,29,3364,"^WhIzArD^"
"914",913,1,0,0,0,0,0,0,0,"^WhIzArD^MZC"
"61",60,0,0,0,0,0,0,0,0,"_!_R@GO:IF"
"461",460,1,0,0,0,0,0,0,0,"____<^>"
"463",462,1,0,0,0,0,0,0,0,"___<^^^^>"
"462",461,1,0,0,0,0,0,0,0,"___<^^>"
"893",892,1,0,0,0,0,0,0,0,"_`"
"73",72,1,0,0,0,0,0,0,0,"_DOA_DEATH_JUMP"
"140",139,0,0,0,0,0,0,0,0,"_IF_Sn1p3r_"
"254",253,1,0,0,0,0,0,0,0,"_NOOB_"
"514",513,1,0,0,0,0,0,0,0,"_PL3Y_"
"215",214,1769,0,17,53,55,84,105,11022,"_PLAY_"
"211",210,27,0,0,1,2,3,5,211,"_SK3L3T0R_"
"574",573,1,0,0,0,0,0,0,0,"``"
"408",407,174,0,0,1,0,1,3,437,"{G}oo{F}"
"261",260,1889,0,11,41,69,62,92,8721,"}}Wetarded{{"
"448",447,3,0,0,0,0,0,0,0,"<''><"
"447",446,3,0,0,0,0,0,0,0,"<'><"
"444",443,2,0,0,0,0,0,0,0,"<^><"
"446",445,1,0,0,0,0,0,0,0,"<|||><"
"445",444,1,0,0,0,0,0,0,0,"<+><"
"268",267,2,0,0,0,0,0,0,0,"<<lol>"
"210",209,344,0,0,0,0,0,1,276,"<<lol>>"
"443",442,1,0,0,0,0,0,0,0,"<><"
"459",458,2,0,0,0,0,0,0,0,"<stinks><"
"54",53,0,0,0,0,0,0,0,0,"=D3luX="
"771",770,1,0,0,0,0,0,0,0,">ke>_Twz"
"517",516,1,0,0,0,0,0,0,0,">StayMotivated"
"681",680,2,0,0,0,0,0,0,0,"010"
"590",589,1,0,0,0,0,0,0,0,"0255"
"583",582,1,0,0,0,0,0,0,0,"0620"
"929",928,1,0,0,0,0,0,0,0,"0916"
"740",739,4,0,0,0,0,0,0,0,"1080p"
"118",117,0,0,0,0,0,0,0,0,"11"
"981",980,3,0,0,0,0,0,1,13,"123123"
"1066",1065,1,0,0,0,0,0,0,0,"1477"
"362",361,1,0,0,0,0,0,0,0,"15.000"
"109",108,0,0,0,0,0,0,0,0,"16v|mkuh"
"134",133,0,0,0,0,0,0,0,0,"187.mkuh"
"470",469,1,0,0,0,0,0,0,0,"1STPLACE"
"414",413,1,0,0,0,0,0,0,0,"2013"
"692",691,2,0,0,0,0,0,0,0,"2d.twinkie"
"776",775,2,0,0,0,0,0,0,0,"2dol'aH0"
"170",169,0,0,0,0,0,0,0,0,"2dope'"
"956",955,2,0,0,0,0,0,0,0,"2t"
"282",281,1,0,0,0,0,0,0,0,"30"
"1030",1029,1,0,0,0,0,0,0,0,"3683"
"1065",1064,1,0,0,0,0,0,0,0,"4032"
"711",710,1,0,0,0,0,0,0,0,"4051"
"716",715,1,0,0,0,0,0,0,0,"4B"
"355",354,154,0,0,4,7,6,9,821,"4Bidden"
"287",286,1,0,0,0,0,0,0,0,"50"
"288",287,1,0,0,0,0,0,0,0,"50.088"
"283",282,1,0,0,0,0,0,0,0,"50.136"
"1100",1099,5,0,0,0,0,0,0,0,"5006"
"593",592,2,0,0,0,0,0,0,0,"5404"
"996",995,1,0,0,0,0,0,0,0,"6142"
"673",672,294,0,1,6,10,25,16,1496,"75400379"
"856",855,1,0,0,1,0,0,0,20,"8======D"
"1055",1054,1,0,0,0,0,0,0,0,"8182"
"1043",1042,1,0,0,0,0,0,0,0,"8558"
"705",704,5,0,0,0,0,0,0,0,"8578"
"871",870,1,0,0,0,0,0,0,0,"8942"
"953",952,1,0,0,0,0,0,0,0,"9089"
"962",961,2,0,0,0,0,0,0,0,"9816"
"884",883,6,0,0,0,0,0,0,0,"a"
"466",465,1,0,0,0,0,0,0,0,"A.Hitler"
"744",743,741,0,6,11,24,29,38,4090,"a2ha"
"246",245,4,0,0,0,0,0,0,4,"AA"
"967",966,1,0,0,0,0,0,0,0,"aaaaaaadfghsdth"
"201",200,0,0,0,0,0,0,0,0,"abc"
"791",790,2,0,0,0,0,0,0,0,"AbuseAdmin"
"519",518,1,0,0,0,1,0,0,16,"Accelerator"
"631",630,1370,0,66,126,183,189,191,16258,"ace"
"1090",1089,1,0,0,0,0,0,0,0,"ace_backwards"
"853",852,1,0,0,0,0,0,0,0,"AceLOLSCLOL"
"159",158,0,0,0,0,0,0,0,0,"Acharliel"
"641",640,2,0,0,0,0,0,0,0,"aDi^^"
"421",420,5,0,0,0,0,0,0,14,"ADMIRAL"
"494",493,42,0,0,0,0,0,0,27,"adr1x"
"343",342,213,0,0,0,0,0,0,28,"adren"
"597",596,2,0,0,0,0,0,0,0,"aetminiplayer"
"897",896,8,0,0,0,1,0,0,36,"afit"
"582",581,1,0,0,0,0,0,0,0,"agent_Molder"
"940",939,1,0,0,0,0,0,0,0,"Ahres"
"364",363,1,0,0,0,0,0,0,0,"aid"
"181",180,0,0,0,0,0,0,0,0,"AiDz"
"725",724,305,0,0,0,0,4,6,614,"AK-47"
"178",177,0,0,0,0,0,0,0,0,"aK|aa"
"106",105,0,0,0,0,0,0,0,0,"aK|AA"
"6",5,0,0,0,0,0,0,0,0,"aK|KK"
"516",515,2,0,0,0,0,0,0,0,"Ak1M"
"35",34,1,0,0,0,0,0,0,0,"alive"
"7",6,1,0,0,0,0,0,0,0,"alt"
"1012",1011,4,0,0,0,0,0,0,14,"Alyssa"
"1115",1114,1,0,0,0,0,0,0,0,"andres"
"1064",1063,2,0,0,0,0,0,0,0,"Android"
"742",741,907,0,143,164,144,98,92,13110,"APKIS"
"824",823,1,0,0,0,0,0,0,0,"APKIS^^"
"854",853,1,0,0,0,0,0,0,0,"APKIS_SC"
"108",107,0,0,0,0,0,0,0,0,"Arbaal"
"730",729,2,0,0,0,0,0,0,0,"arccik"
"157",156,0,0,0,0,0,0,0,0,"archer"
"145",144,0,0,0,0,0,0,0,0,"archer."
"678",677,2,0,0,0,0,0,0,0,"Arnaud"
"859",858,1,0,0,0,0,0,0,10,"asha3"
"743",742,3,0,0,0,0,0,0,0,"ashanocfg!"
"497",496,1,0,0,0,0,0,0,0,"Astraliz"
"553",552,8,0,0,0,0,0,0,16,"atz"
"442",441,2,0,0,0,0,0,0,0,"Avek"
"829",828,2,0,0,0,0,0,0,0,"Awi"
"340",339,41,0,0,0,0,0,0,0,"az"
"351",350,1,0,0,0,0,0,0,0,"az_noob"
"335",334,5,0,0,0,0,0,0,0,"Azn"
"710",709,3,0,0,0,0,0,0,0,"b0t"
"1078",1077,5,0,0,0,0,0,0,0,"backfire"
"797",796,1,0,0,0,0,0,0,0,"BadAdmins"
"263",262,2,0,0,0,0,0,0,13,"Badhead"
"615",614,3,0,0,0,0,0,0,17,"bakke"
"977",976,10,0,0,1,0,1,0,72,"bakkemon666"
"207",206,798,0,1,0,1,1,2,634,"baknd"
"489",488,11,0,0,0,0,0,0,0,"bakutil"
"807",806,1,0,0,0,0,0,0,0,"BanMeAbuseFISH"
"1005",1004,2,0,0,0,0,0,0,0,"baos"
"983",982,1,0,0,0,0,0,0,0,"Barry"
"1069",1068,150,0,1,0,0,0,2,232,"Barry_Allen"
"720",719,40,0,0,0,0,0,0,24,"Bartek"
"186",185,0,0,0,0,0,0,0,0,"bdj_RocketmaN"
"194",193,0,0,0,0,0,0,0,0,"bdj_zer0"
"102",101,0,0,0,0,0,0,0,0,"bdj_Zer0"
"410",409,1,0,0,0,0,0,0,0,"Be-att"
"131",130,0,0,0,0,0,0,0,0,"be.eni^"
"144",143,0,0,0,0,0,0,0,0,"Beastman"
"1061",1060,1,0,0,0,0,0,0,0,"Beatdumb"
"1077",1076,8,0,0,0,0,0,0,0,"Beatdunce"
"396",395,1,0,0,0,0,0,0,0,"because_he_is_a"
"286",285,707,0,0,3,12,25,26,3018,"Beepbeep"
"903",902,1,0,0,0,0,0,0,0,"bees?"
"483",482,2,0,0,0,0,0,0,0,"beginer"
"888",887,1,0,0,0,0,0,0,0,"bengt-arne"
"970",969,3,0,0,0,0,0,0,1,"benzo"
"77",76,0,0,0,0,0,0,0,0,"beowulf"
"114",113,0,0,0,0,0,0,0,0,"berber"
"339",338,56,0,0,0,0,0,1,63,"Bezel"
"385",384,1,0,0,0,0,0,0,0,"bienemaja"
"172",171,0,0,0,0,0,0,0,0,"BiNg0"
"938",937,1,0,0,0,0,0,0,0,"blaubaer"
"413",412,1,0,0,0,0,0,0,1,"BLegit"
"40",39,1,0,0,0,0,0,0,0,"bleh"
"550",549,253,0,0,0,1,0,1,75,"Bless"
"907",906,1,0,0,0,0,0,0,5,"blob"
"889",888,3,0,0,0,0,0,0,0,"Blondas"
"1052",1051,1,0,0,0,0,0,0,0,"blood"
"1098",1097,1,0,0,0,0,0,0,0,"Bnepgb_He_nepgb"
"1112",1111,1,0,0,0,0,0,0,2,"BoboNator"
"645",644,6,0,0,0,0,0,0,0,"bohen"
"699",698,1,0,0,0,0,0,0,0,"bonsai"
"525",524,1,0,0,0,0,0,0,0,"boringwall"
"376",375,163,0,0,1,0,3,2,360,"Boru"
"640",639,1,0,0,0,0,0,0,0,"BOUHA"
"944",943,1,0,0,0,0,0,0,0,"brainfluid"
"986",985,1,0,0,0,0,0,0,0,"brb"
"855",854,11,0,0,0,0,0,0,1,"btq"
"988",987,3,0,0,0,0,0,0,0,"bubuh"
"894",893,1,0,0,0,0,0,0,1,"bugs"
"825",824,2,0,0,0,0,0,0,0,"bum"
"639",638,2,0,0,0,0,0,0,0,"Burnerfreak"
"1018",1017,2,0,0,0,0,0,0,0,"busi"
"851",850,1,0,0,0,0,0,0,0,"Butelka"
"939",938,466,0,0,1,0,1,1,525,"buzt3r"
"606",605,3,0,0,0,0,0,0,0,"BVB"
"808",807,1,0,0,0,0,0,0,0,"Byebye!!!"
"548",547,8,0,0,0,0,0,0,0,"C"
"1037",1036,4,0,0,0,0,0,0,0,"C-3PO"
"259",258,2,0,0,0,0,0,0,5,"c12"
"1085",1084,232,0,8,4,8,8,16,1468,"Caboom"
"696",695,1,0,0,0,0,0,0,0,"Cactus"
"240",239,1,0,0,0,0,0,0,0,"Cajmere"
"1136",1135,1,0,0,0,0,0,0,0,"canada_sucks"
"852",851,212,0,0,0,0,1,4,323,"car^^"
"142",141,2,0,0,0,0,0,0,0,"Carnage"
"103",102,0,0,0,0,0,0,0,0,"CaShy"
"161",160,0,0,0,0,0,0,0,0,"CaShY"
"295",294,560,0,10,32,35,46,52,4352,"Casper"
"515",514,1456,0,50,143,120,134,120,12966,"Castro"
"748",747,1,0,0,0,0,0,0,0,"Castro_circle"
"800",799,1,0,0,0,0,0,0,0,"CausedidabuseFO"
"911",910,1,0,0,0,0,0,0,0,"cazino*cwil"
"432",431,1,0,0,0,0,0,0,0,"CentriX"
"547",546,1,0,0,0,0,0,0,0,"CEREAL_KILLER"
"738",737,300,0,0,0,0,0,0,35,"Ceth"
"401",400,121,0,0,0,0,0,0,2,"cez"
"786",785,6,0,0,0,0,0,0,0,"chantze"
"721",720,2,0,0,0,0,0,0,0,"chmielu"
"1095",1094,1,0,0,0,0,0,0,0,"chrom"
"1022",1021,1,0,0,0,0,0,0,0,"chuj"
"872",871,1,0,0,0,0,0,0,0,"Cibka"
"63",62,0,0,0,0,0,0,0,0,"Ciqual"
"291",290,875,0,0,0,1,1,1,458,"cka3ka"
"182",181,0,0,0,0,0,0,0,0,"clanX-sugarberr"
"736",735,1,0,0,0,0,0,0,0,"Classic"
"605",604,1009,0,0,14,31,41,58,5233,"Cleaner"
"352",351,1,0,0,0,0,0,0,0,"cletus"
"137",136,0,0,0,0,0,0,0,0,"Clint"
"616",615,7,0,0,0,0,0,0,0,"Clipz"
"233",232,348,0,0,0,1,0,1,447,"CodeBlack"
"3",2,0,0,0,0,0,0,0,0,"confused"
"999",998,2,0,0,0,0,0,0,0,"coolstorybro"
"350",349,777,0,24,51,55,43,59,5864,"cr33pz"
"252",251,170,0,2,2,2,5,10,856,"Cr4zy"
"167",166,0,0,0,0,0,0,0,0,"CrackTurtle"
"419",418,1,0,0,0,0,0,0,0,"Cracky"
"727",726,1,0,0,0,0,0,0,0,"CrazyChiMan"
"575",574,7,0,0,0,0,0,0,0,"creav"
"922",921,514,0,0,0,0,1,0,175,"CreePy^"
"303",302,4,0,0,0,0,0,2,30,"Crom"
"311",310,58,0,0,1,0,0,0,40,"Cryptile"
"402",401,1,0,0,0,0,0,0,0,"Cs3"
"556",555,23,0,0,0,0,0,0,29,"cyber"
"274",273,1,0,0,0,0,0,0,0,"czarne.BMW"
"919",918,1,0,0,0,0,0,0,6,"CzYsc!0Ch"
"415",414,1,0,0,0,0,0,0,0,"d00b"
"926",925,1,0,0,0,0,0,0,4,"d0Pe_d0Pe"
"482",481,1,0,0,0,0,0,0,0,"D4rkf7sh"
"375",374,27,0,0,0,0,3,1,105,"dantek"
"756",755,6,0,0,0,0,0,0,2,"Dariuszz"
"31",30,0,0,0,0,0,0,0,0,"DarkMonkeY"
"790",789,1,0,0,0,0,0,0,0,"Dave"
"523",522,31,0,0,0,0,0,0,49,"David"
"652",651,1,0,0,0,0,0,0,0,"davinci"
"1053",1052,2,0,0,0,0,0,0,0,"Dead_Llama"
"281",280,288,0,0,2,2,0,6,579,"deadfroggy"
"273",272,313,0,0,0,0,2,0,159,"Death_Jump"
"202",201,0,0,0,0,0,0,0,0,"def"
"152",151,0,0,0,0,0,0,0,0,"DeGeN"
"464",463,6,0,0,0,0,0,0,0,"delete_me"
"214",213,2,0,0,0,0,0,1,11,"delete_me3543"
"857",856,4,0,0,0,0,0,0,0,"deleteme_100"
"841",840,4,0,0,0,0,0,0,0,"deleteme_101"
"901",900,3,0,0,0,0,0,0,0,"deleteme_3000"
"5",4,41,0,0,0,0,0,0,0,"deleteme_45654"
"333",332,11,0,0,0,0,0,0,3,"deleteme_45655"
"654",653,3,0,0,0,0,0,0,0,"deleteme_45656"
"905",904,1,0,0,0,0,0,0,0,"deleteme_5725"
"1047",1046,1,0,0,0,0,0,0,0,"deleteme_696969"
"932",931,1,0,0,0,0,0,0,0,"deleteme_asdasd"
"248",247,1,0,0,0,0,0,0,0,"deleteme100"
"622",621,1,0,0,0,0,0,0,0,"deleteme101"
"627",626,1,0,0,0,0,0,0,0,"deleteme102"
"634",633,2,0,0,0,0,0,0,0,"deleteme103"
"686",685,1,0,0,0,0,0,0,0,"deleteme104"
"668",667,1,0,0,0,0,0,0,0,"deleteme105"
"701",700,1,0,0,0,0,0,0,0,"deleteme106"
"284",283,1,0,0,0,0,0,0,0,"deleteme107"
"630",629,1,0,0,0,0,0,0,0,"deleteme108"
"665",664,1,0,0,0,0,0,0,0,"deleteme109"
"305",304,1,0,0,0,0,0,0,0,"deleteme110"
"353",352,1,0,0,0,0,0,0,0,"deleteme111"
"377",376,1,0,0,0,0,0,0,0,"deleteme112"
"406",405,1,0,0,0,0,0,0,0,"deleteme113"
"427",426,1,0,0,0,0,0,0,0,"deleteme114"
"567",566,1,0,0,0,0,0,0,0,"deleteme115"
"537",536,4,0,0,0,0,0,0,0,"deleteme116"
"496",495,1,0,0,0,0,0,0,0,"deleteme117"
"561",560,2,0,0,0,0,0,0,0,"deleteme12"
"659",658,6,0,0,0,0,0,0,0,"deleteme43"
"8",7,1,0,0,0,0,0,0,0,"deleteme434"
"796",795,1,0,0,0,0,0,0,0,"DeleteServer"
"431",430,2,0,0,0,0,0,0,0,"dem1se"
"511",510,151,0,0,0,0,1,1,189,"Den4ik"
"632",631,1,0,0,0,0,0,0,0,"Dennis_Reynolds"
"126",125,0,0,0,0,0,0,0,0,"dera"
"22",21,0,0,0,0,0,0,0,0,"destructoR"
"14",13,0,0,0,0,0,0,0,0,"deuce_deuce"
"451",450,1,0,0,0,0,0,0,0,"DEUTSHLAND"
"100",99,0,0,0,0,0,0,0,0,"DI|Mad"
"52",51,0,0,0,0,0,0,0,0,"DI|MoN-SooN"
"1011",1010,1,0,0,0,0,0,0,0,"di4'zL"
"629",628,50,0,0,0,0,0,1,74,"diaa"
"799",798,1,0,0,0,0,0,0,0,"DidGiverconACE"
"913",912,8,0,0,0,0,0,0,0,"DIILmac"
"38",37,1,0,0,0,0,0,0,0,"diluted"
"1075",1074,1,0,0,0,0,0,0,0,"Dimwit"
"839",838,1,0,0,0,0,0,0,0,"diner"
"441",440,39,0,0,0,0,1,0,28,"DinisKo"
"787",786,4,0,0,0,0,0,0,0,"Disconnect"
"784",783,29,0,0,0,0,0,0,0,"DiVyDaN"
"217",216,3,0,0,0,0,0,0,0,"DJANGO"
"923",922,386,0,1,5,4,7,8,1229,"DM"
"933",932,317,0,0,0,0,0,2,232,"dnb"
"819",818,1,0,0,0,0,0,0,0,"DoCTOeBCku"
"961",960,1,0,0,0,0,0,0,0,"doddy"
"783",782,8,0,0,0,0,0,0,8,"Don"
"729",728,1,0,0,0,0,0,0,4,"dontfakeIT"
"625",624,53,0,0,0,0,0,0,1,"dope"
"609",608,9,0,0,0,0,0,0,0,"dopetommy"
"437",436,1,0,0,0,0,0,0,0,"dr0ckl0ck"
"302",301,22,0,0,0,2,2,4,132,"draxi"
"424",423,31,0,0,0,0,0,0,1,"Drig"
"235",234,234,0,1,16,23,30,28,2151,"DRK"
"1027",1026,1,0,0,0,0,0,0,0,"DRz|sofiene"
"671",670,1,0,0,0,0,0,0,0,"ds,ads"
"344",343,613,0,52,131,89,75,73,8419,"ds.ads"
"526",525,1,0,0,0,0,0,0,0,"Dumbkopf"
"527",526,3,0,0,0,0,0,0,0,"dummkopf"
"760",759,1,0,0,0,0,0,0,0,"dupacz_z_lasu"
"704",703,89,0,0,0,0,0,0,5,"Dusk"
"128",127,0,0,0,0,0,0,0,0,"Dutchman"
"224",223,1,0,0,0,0,0,0,0,"dwww"
"125",124,0,0,0,0,0,0,0,0,"Dyri"
"149",148,0,0,0,0,0,0,0,0,"Dytt_i_blojjan"
"278",277,2,0,0,0,0,0,1,19,"dziadek"
"973",972,21,0,0,0,0,0,0,3,"dzl"
"674",673,1,0,0,0,0,0,0,0,"e"
"690",689,1,0,0,0,0,0,0,0,"e!k00n"
"778",777,2,0,0,0,0,0,0,0,"eax"
"945",944,3,0,0,0,0,0,0,0,"eazy|e"
"838",837,1,0,0,0,0,0,0,0,"ecA"
"493",492,1,0,0,0,0,0,0,0,"Eclips"
"492",491,8,0,0,0,0,0,0,0,"Eclipse"
"156",155,0,0,0,0,0,0,0,0,"EKs_future"
"774",773,152,0,0,1,1,5,2,534,"Empire"
"380",379,3,0,0,0,0,0,0,0,"endofurcareer"
"473",472,10,0,0,0,0,0,0,0,"EniX"
"204",203,782,0,3,8,26,20,37,4044,"EnZ"
"403",402,1,0,0,0,0,0,0,0,"EnZ^AFK"
"1083",1082,3,0,0,0,0,0,0,0,"EQLT"
"143",142,0,0,0,0,0,0,0,0,"error"
"675",674,1,0,0,0,0,0,0,0,"eS!"
"136",135,5,0,0,0,0,0,0,6,"everlast"
"549",548,11,0,0,0,0,0,0,3,"ewc"
"342",341,18,0,0,0,0,0,0,0,"ex"
"1082",1081,1,0,0,0,0,0,0,0,"f"
"1120",1119,1,0,0,0,0,0,0,0,"Face"
"847",846,3,0,0,0,0,0,0,7,"faint"
"636",635,1,0,0,0,0,0,0,0,"faker"
"508",507,12,0,0,0,0,0,0,0,"FALUBAZ!!!"
"72",71,0,0,0,0,0,0,0,0,"Fandango"
"522",521,2,0,0,0,0,0,0,0,"fap"
"93",92,0,0,0,0,0,0,0,0,"FatZo-PoGo"
"518",517,1,0,0,0,0,0,0,0,"FC-KRAPULA"
"175",174,0,0,0,0,0,0,0,0,"Fc_Blood"
"308",307,2,0,0,0,0,0,0,2,"fc0r"
"708",707,1,0,0,0,0,0,0,0,"FED[X]"
"306",305,14,0,0,0,0,0,0,7,"Festival"
"559",558,2,0,0,0,0,0,0,0,"final"
"205",204,1322,0,3,10,22,34,38,4605,"fish"
"499",498,1,0,0,0,0,0,0,0,"fish-newb!"
"465",464,1,0,0,0,0,0,0,0,"fish&chimp'ss"
"394",393,1,0,0,0,0,0,0,0,"fish_is_noob"
"395",394,1,0,0,0,0,0,0,0,"fish_is_noob1"
"801",800,1,0,0,0,0,0,0,0,"FISHabuseADMIn"
"802",801,1,0,0,0,0,0,0,0,"FISHabuseADMIn1"
"803",802,1,0,0,0,0,0,0,0,"FISHabuseADMIn2"
"804",803,1,0,0,0,0,0,0,0,"FISHabuseADMIn3"
"805",804,1,0,0,0,0,0,0,0,"FISHabuseADMIn4"
"806",805,1,0,0,0,0,0,0,0,"FISHabuseADMIn5"
"476",475,1,0,0,0,0,0,0,0,"fishburger"
"500",499,1,0,0,0,0,0,0,0,"fishhdhsadfhsdf"
"501",500,1,0,0,0,0,0,0,0,"fishsc"
"1031",1030,1,0,0,0,0,0,0,0,"Fizzle"
"1032",1031,1,0,0,0,0,0,0,0,"Fizzle[dm]"
"219",218,5,0,0,0,0,0,0,0,"Flavis"
"334",333,3,0,0,0,0,0,0,0,"fognini"
"1056",1055,1,0,0,0,0,0,0,0,"fopp"
"1039",1038,3,0,0,0,0,0,0,2,"ForestFucker"
"682",681,1,0,0,0,0,0,0,0,"Fortune"
"954",953,1,0,0,0,0,0,0,0,"Frant1c"
"949",948,1,0,0,0,0,0,0,0,"Fresh"
"1113",1112,1,0,0,0,0,0,0,0,"Friso!"
"332",331,1,0,0,0,0,0,0,0,"Fuck_R1"
"792",791,2,0,0,0,0,0,0,0,"fuckthisserver"
"166",165,0,0,0,0,0,0,0,0,"FUROR"
"775",774,56,0,0,0,0,0,2,64,"fury"
"591",590,1,0,0,0,0,0,0,0,"G"
"687",686,2,0,0,0,0,0,0,0,"G00|3ER"
"266",265,879,0,4,14,43,51,61,5441,"g0rky"
"1131",1130,1,0,0,0,0,0,0,0,"games.coolnet.p"
"878",877,1,0,0,0,0,0,0,0,"gandon"
"367",366,2,0,0,0,0,0,0,0,"gangsta"
"552",551,2,0,0,0,0,0,0,0,"GAUGE"
"793",792,1,0,0,0,0,0,0,0,"gay_server"
"1025",1024,1,0,0,0,0,0,0,0,"geej"
"382",381,1,0,0,0,0,0,0,0,"gerda"
"89",88,0,0,0,0,0,0,0,0,"gerdt"
"124",123,0,0,0,0,0,0,0,0,"Getafix^"
"920",919,4,0,0,0,0,0,0,15,"ghost"
"1117",1116,2,0,0,0,0,0,0,6,"giela"
"296",295,355,0,0,0,2,7,5,738,"glide^"
"984",983,1,0,0,0,0,0,0,0,"glide^_"
"23",22,2,0,0,0,0,0,0,0,"glockglock"
"1122",1121,1,0,1,0,0,0,0,25,"Gob+apk+prokuro"
"389",388,427,0,311,74,31,7,4,9886,"Goblin"
"270",269,1,0,0,0,0,0,0,0,"gomez"
"642",641,1,0,0,0,0,0,0,0,"Google"
"1033",1032,1,0,0,0,0,0,0,0,"GORE!"
"684",683,24,0,0,0,0,1,0,31,"Gouki"
"478",477,1,0,0,0,0,0,0,0,"gOVER"
"1111",1110,60,0,0,0,0,0,0,16,"greedisgood210"
"596",595,785,0,25,55,69,69,72,7003,"GreenJumper"
"691",690,225,0,0,1,0,1,2,299,"greenz"
"646",645,1,0,0,0,0,0,0,0,"greioreogie"
"934",933,3,0,0,0,0,0,0,9,"grgr"
"264",263,259,0,0,0,0,0,0,29,"grigori"
"154",153,0,0,0,0,0,0,0,0,"grr"
"460",459,1,0,0,0,0,0,0,0,"grunwald-1410"
"947",946,1,0,0,0,0,0,0,0,"Grzexs"
"551",550,1,0,0,0,0,0,0,0,"guillotine"
"66",65,0,0,0,0,0,0,0,0,"Guir0"
"656",655,171,0,0,1,0,0,0,47,"Gusto"
"993",992,5,0,0,0,0,0,0,0,"Gx^djpoppz"
"874",873,1,0,0,0,0,0,0,0,"h1"
"130",129,0,0,0,0,0,0,0,0,"H4PPY"
"733",732,1,0,0,0,0,0,0,0,"haagan-dasz"
"321",320,1,0,0,0,0,0,0,0,"haha_gorky"
"314",313,1,0,0,0,0,0,0,0,"hahah"
"1014",1013,51,0,0,0,0,0,0,7,"hao"
"512",511,3,0,0,0,0,0,0,0,"harryclay"
"318",317,1,0,0,0,0,0,0,0,"Hasiu"
"972",971,17,0,0,0,0,0,0,0,"HaxIsGone"
"327",326,1,0,0,0,0,0,0,0,"Heat"
"293",292,1,0,0,0,0,0,0,0,"Heat_me-Jr."
"361",360,337,0,0,2,1,0,2,372,"heat_me.Jr"
"912",911,1,0,0,0,0,0,0,0,"heee"
"387",386,38,0,0,0,0,0,0,0,"HENIEK"
"1007",1006,1,0,0,0,0,0,0,0,"Hi"
"450",449,1,0,0,0,0,0,0,0,"HI!HITLER"
"1010",1009,4,0,0,0,0,0,0,0,"Hide"
"724",723,1,0,0,0,0,0,0,0,"Higgins"
"164",163,0,0,0,0,0,0,0,0,"Highlander"
"468",467,1,0,0,0,0,0,0,0,"HitlerJungen"
"925",924,1,0,0,0,0,0,0,0,"Hohlik"
"386",385,1,0,0,0,0,0,0,0,"Horace"
"703",702,1,0,0,0,0,0,0,0,"hSb|Bart.Sim!"
"121",120,0,0,0,0,0,0,0,0,"hubercik"
"648",647,1,0,0,0,0,0,0,0,"huehuehue"
"1086",1085,1,0,0,0,0,0,0,0,"huj"
"971",970,1,0,0,0,0,0,0,0,"hyppykoulissa"
"323",322,1,0,0,0,0,0,0,0,"I_Love_Lofas"
"47",46,0,0,0,0,0,0,0,0,"I_shot_JFK"
"1089",1088,1,0,0,0,0,1,0,13,"iCyclical"
"345",344,726,0,2,8,11,22,30,3212,"Idaho"
"795",794,1,0,0,0,0,0,0,0,"IdiotsAdmins"
"600",599,2,0,0,0,0,0,0,0,"ifu"
"180",179,0,0,0,0,0,0,0,0,"ikswobeL"
"449",448,1,0,0,0,0,0,0,0,"IloveYOUplay"
"173",172,0,0,0,0,0,0,0,0,"ImmOg3n"
"769",768,1,0,0,0,0,0,0,8,"imretard"
"980",979,967,0,0,5,6,8,17,1996,"ins"
"223",222,11,0,0,0,0,0,0,10,"Insan3"
"469",468,3,0,0,0,0,0,0,6,"Insta"
"359",358,87,0,0,0,2,1,1,176,"Int0xiKated"
"969",968,1,0,0,0,0,0,0,0,"invoker"
"697",696,1,0,0,0,0,0,0,0,"iSeeDeadGrunts"
"814",813,1,0,0,0,0,0,0,0,"ISY_"
"392",391,1,0,0,0,0,0,0,0,"it"
"985",984,1,0,0,0,0,0,0,0,"iyo"
"71",70,0,0,0,0,0,0,0,0,"J@CEK"
"785",784,1,0,0,0,0,0,0,0,"jack"
"438",437,4,0,0,0,0,0,0,0,"JackFrost"
"1087",1086,1,0,0,1,0,0,0,20,"JackO"
"712",711,1,0,0,0,0,0,0,0,"jadnik"
"735",734,7,0,0,0,0,0,0,3,"Jadu"
"585",584,1,0,0,0,0,0,0,0,"JagaTuBYla"
"426",425,15,0,0,0,0,0,0,26,"Jakkari"
"649",648,11,0,0,0,0,0,0,10,"JAKZAH"
"1128",1127,1,0,0,0,0,0,0,0,"James"
"918",917,1,0,0,0,0,0,0,0,"jamesh"
"1045",1044,2,0,0,0,0,0,0,0,"janusz"
"663",662,1,0,0,0,0,0,0,0,"jaREtti_^Rp"
"989",988,1,0,0,0,0,0,0,0,"jawharp"
"16",15,0,0,0,0,0,0,0,0,"jaY"
"587",586,1,0,0,0,0,0,0,0,"JebacWisle"
"458",457,1,0,0,0,0,0,0,0,"jebanamapka"
"68",67,0,0,0,0,0,0,0,0,"jeddite"
"509",508,1,0,0,0,0,0,0,0,"Jeep_Safari"
"148",147,0,0,0,0,0,0,0,0,"jellyfish"
"409",408,11,0,0,0,0,0,0,0,"Jepze"
"1124",1123,1,0,0,0,0,0,0,0,"jHs"
"484",483,22,0,0,0,0,0,0,19,"Jitspoe"
"1062",1061,1,0,0,0,0,0,0,0,"johnnyjim"
"300",299,289,0,0,0,0,1,2,150,"Johnson"
"488",487,1,0,0,0,0,0,0,0,"Jorg"
"662",661,1,0,0,0,0,0,0,0,"Juga"
"521",520,175,0,0,0,1,0,0,122,"Julfisk"
"706",705,2,0,0,0,0,0,0,0,"JumpeR_heat"
"404",403,3,0,1,0,0,2,0,51,"jutsu"
"256",255,3,0,0,0,0,1,0,13,"k0chu"
"619",618,3,0,0,0,0,0,0,0,"K1RU"
"198",197,0,0,0,0,0,0,0,0,"Kajataz"
"310",309,2,0,0,0,0,0,0,0,"kala"
"876",875,1,0,0,0,0,0,0,0,"kalacik"
"1076",1075,3,0,0,0,0,0,0,5,"kalle"
"964",963,21,0,0,0,0,0,0,26,"kallu"
"491",490,21,0,0,0,0,0,0,27,"Kapitan_Lubdzik"
"951",950,1,0,0,0,0,0,0,0,"Karolek-Kre..."
"976",975,1,0,0,0,0,0,0,0,"KAZ"
"768",767,1,0,0,0,0,0,0,0,"Kazama5"
"543",542,1,0,0,0,0,0,0,0,"kclynn"
"987",986,2,0,0,0,0,0,0,0,"KDW!"
"827",826,1,0,0,0,0,0,0,0,"keelz"
"732",731,1,0,0,0,0,0,0,0,"Keizer"
"46",45,20,0,0,0,0,0,0,13,"Kendo"
"576",575,1,0,0,0,0,0,0,0,"KFC"
"17",16,0,0,0,0,0,0,0,0,"Khaine"
"1004",1003,1,0,0,0,0,0,0,0,"kiff"
"216",215,643,0,88,81,88,86,70,8443,"Killa"
"1135",1134,1,0,0,0,0,0,0,0,"killa_sucks"
"416",415,1,0,0,0,0,0,0,0,"killaafk"
"595",594,4,0,0,0,0,0,0,20,"killer"
"356",355,1,0,0,0,0,0,0,0,"KINGOFNOOBS"
"752",751,5,0,0,0,0,0,0,0,"Kingsize"
"667",666,1,0,0,0,0,0,0,0,"kitty"
"122",121,0,0,0,0,0,0,0,0,"KK=FAGOT+HOMO"
"123",122,0,0,0,0,0,0,0,0,"KK=GAY:FAGOT"
"354",353,739,0,0,0,0,1,1,393,"kNoC"
"398",397,1,0,0,0,0,0,0,0,"KOLD"
"844",843,7,0,0,0,0,0,0,19,"Konopa^^"
"816",815,1,0,0,0,0,0,0,0,"kopakabana"
"921",920,4,0,0,0,0,0,0,0,"KOPFSCHMERZEN"
"425",424,1,0,0,0,0,0,0,0,"KOTN"
"439",438,1,0,0,0,0,0,0,0,"kotnking"
"358",357,690,0,0,5,10,20,23,2405,"Kr3w"
"322",321,14,0,0,0,0,0,0,0,"KrAzY_k"
"677",676,1,0,0,0,0,0,0,0,"kRn!"
"475",474,2,0,0,0,0,0,0,0,"KroOp"
"244",243,1189,0,545,287,145,67,37,23721,"KroPP"
"885",884,1,0,0,0,0,0,0,0,"Kseno"
"946",945,5,0,0,0,0,0,0,0,"kubeusz"
"480",479,1,0,0,0,0,0,0,0,"kubus"
"313",312,9,0,0,0,0,0,0,12,"kujA"
"187",186,0,0,0,0,0,0,0,0,"KuRt"
"9",8,1,0,0,0,0,0,0,0,"kurz"
"589",588,1,0,0,0,0,0,0,0,"kutangus"
"250",249,471,0,1,0,0,0,0,56,"kw4snY"
"1070",1069,3,0,0,0,0,0,0,2,"Kwarktaart"
"169",168,0,0,0,0,0,0,0,0,"kypara"
"341",340,13,0,0,0,0,0,0,5,"kyuSs"
"683",682,2,0,0,0,0,0,0,0,"L."
"507",506,1,0,0,0,0,0,0,0,"l33t_n44b"
"436",435,38,0,0,0,0,0,0,19,"l3m0n"
"1008",1007,10,0,0,0,0,0,0,2,"lakz"
"728",727,1,0,0,0,0,0,0,0,"lali"
"979",978,1,0,0,0,0,0,0,0,"lateksi"
"292",291,1,0,0,0,0,0,0,0,"latwa_jak.."
"153",152,0,0,0,0,0,0,0,0,"laZmike"
"815",814,18,0,0,0,0,0,0,0,"ledneT"
"836",835,5,0,0,0,0,0,0,0,"LegForest"
"586",585,1,0,0,0,0,0,0,0,"LegiaToStaraKur"
"1059",1058,1,0,0,0,0,0,0,0,"Lethal"
"573",572,58,0,3,0,2,0,1,199,"leviathan"
"101",100,0,0,0,0,0,0,0,0,"Lg.eNDo"
"717",716,1,0,0,0,0,0,0,0,"Liam"
"1130",1129,6,0,0,0,0,0,0,0,"Lightning"
"13",12,0,0,0,0,0,0,0,0,"LilRedTheJumper"
"309",308,3,0,0,0,0,0,0,12,"lintu"
"1127",1126,24,0,1,0,1,1,0,142,"lith"
"260",259,1220,0,341,340,227,137,68,22376,"Lofas"
"877",876,1,0,0,0,0,0,0,0,"Lofas_sc"
"262",261,1,0,0,0,0,0,0,0,"LofasKing"
"927",926,6,0,0,0,0,0,1,39,"Loomit"
"129",128,0,0,0,0,0,0,0,0,"lopezos"
"817",816,1,0,0,0,0,0,0,7,"loveboat"
"510",509,1,0,0,0,0,0,0,0,"LSD"
"1097",1096,1,0,0,0,0,0,0,0,"ltbay"
"577",576,14,0,0,0,0,0,0,7,"Luckie"
"1072",1071,1,0,0,0,0,0,0,0,"Lucy"
"650",649,1,0,0,0,0,0,0,0,"LUIS_SUAREZ"
"737",736,3,0,0,0,0,0,0,0,"lyx"
"633",632,1,0,0,0,0,0,0,0,"m"
"455",454,2,0,0,0,0,0,0,0,"M.Schmitt"
"506",505,14,0,0,0,0,0,0,0,"M@rsj@nIn"
"870",869,1,0,0,0,0,0,0,0,"m0'"
"346",345,7,0,0,0,0,0,0,0,"m4x"
"1023",1022,1,0,0,0,0,0,0,0,"mad"
"4",3,1,0,0,0,0,0,0,0,"MaD|Requiem"
"65",64,0,0,0,0,0,0,0,0,"MadHatman"
"544",543,1,0,0,0,0,0,0,0,"mafioze"
"1099",1098,8,0,0,0,0,0,0,0,"Maggot"
"1026",1025,1,0,0,0,0,0,0,0,"Magnum71"
"998",997,1,0,0,0,0,0,0,0,"MajkelFPS"
"751",750,4,0,0,0,0,0,0,0,"Makaveli^"
"992",991,159,0,0,0,1,0,2,173,"Mako"
"162",161,0,0,0,0,0,0,0,0,"malice"
"1107",1106,1,0,0,0,0,0,0,0,"malysz"
"87",86,0,0,0,0,0,0,0,0,"mamma"
"822",821,7,0,0,0,0,0,0,0,"Mandella"
"830",829,909,0,1,2,22,18,39,3577,"maq"
"719",718,1,0,0,0,0,0,0,0,"marajshaa999"
"910",909,1,0,0,0,0,0,0,0,"mare"
"565",564,2,0,0,0,0,0,0,0,"marg0"
"1080",1079,1,0,0,0,0,0,0,7,"marre'"
"860",859,7,0,0,0,0,0,0,0,"mary(J)ane"
"238",237,24,0,0,0,0,0,0,21,"massie"
"60",59,195,0,0,0,2,5,5,478,"masta"
"959",958,132,0,0,0,4,4,4,555,"MASZ_ESA?"
"1114",1113,7,0,0,0,0,0,0,0,"Matti"
"299",298,48,0,0,0,0,0,0,3,"Mazas"
"571",570,6,0,0,0,0,0,0,3,"mazz"
"731",730,5,0,0,0,1,0,0,19,"mazze"
"828",827,11,0,0,0,0,1,0,59,"mcclone"
"916",915,1,0,0,0,0,0,0,0,"McStoun"
"85",84,0,0,0,0,0,0,0,0,"MegaBlaff"
"150",149,0,0,0,0,0,0,0,0,"MegaBlytt"
"174",173,0,0,0,0,0,0,0,0,"MEGAFLUFFGRIM"
"42",41,0,0,0,0,0,0,0,0,"mEGRiM"
"81",80,0,0,0,0,0,0,0,0,"MegriM"
"570",569,2,0,0,0,0,0,0,0,"Mel"
"96",95,0,0,0,0,0,0,0,0,"menthal^"
"666",665,6,0,0,0,1,0,0,28,"MeSnIk^"
"471",470,1,0,0,0,0,0,0,0,"Messi"
"41",40,0,0,0,0,0,0,0,0,"method"
"203",202,422,0,0,0,0,0,2,240,"metzger"
"44",43,0,0,0,0,0,0,0,0,"mg^"
"1002",1001,5,0,0,0,0,0,0,0,"MGIac"
"479",478,11,0,0,0,0,0,1,13,"michaq"
"568",567,1,0,0,0,0,0,0,0,"mikdj"
"329",328,1,0,0,0,0,0,0,0,"Milkiboy"
"1068",1067,1,0,0,0,0,0,0,0,"mind"
"24",23,0,0,0,0,0,0,0,0,"MindwarpeR"
"620",619,1,0,0,0,0,0,0,0,"minimal"
"265",264,1,0,0,0,0,0,0,0,"mir^mortal"
"20",19,0,0,0,0,0,0,0,0,"mmmsoup0"
"873",872,1,0,0,0,0,0,0,0,"mo"
"858",857,32,0,0,0,0,0,0,0,"Moharo"
"1073",1072,5,0,0,0,0,0,0,0,"Moi"
"104",103,0,0,0,0,0,0,0,0,"monkie"
"1092",1091,1,0,0,0,0,0,0,0,"Montolilvo"
"1063",1062,1,0,0,0,0,0,0,0,"Montolivo"
"1015",1014,381,0,0,7,10,14,22,1813,"mordo"
"832",831,1,0,0,0,0,0,0,0,"Morph!ne"
"477",476,1,0,0,0,0,0,0,0,"mq"
"1119",1118,2,0,0,0,0,0,0,0,"Mr.stealyogirl"
"772",771,1,0,0,0,0,0,0,0,"MrBohica"
"160",159,0,0,0,0,0,0,0,0,"MrFunky"
"245",244,1,0,0,0,0,0,0,0,"MrScorpion"
"902",901,1,0,0,0,0,0,0,0,"mujahedin"
"647",646,283,0,17,13,18,34,17,2463,"mule_0wnz"
"865",864,1,0,0,0,0,0,0,0,"mustang"
"29",28,0,0,0,0,0,0,0,0,"MyStiQue!"
"370",369,1,0,0,0,0,0,0,0,"n-kr3w"
"864",863,1,0,0,0,0,0,0,0,"n0:)k1e"
"213",212,682,0,346,161,85,32,14,14123,"n00k!e"
"700",699,1,0,0,0,0,0,0,0,"n00k!e.sc"
"495",494,1,0,0,0,0,0,0,0,"n00k!e_2way"
"685",684,2,0,0,0,0,0,0,0,"n00k1e"
"417",416,1,0,0,0,0,0,0,0,"n00k1e.backward"
"726",725,1,0,0,0,0,0,0,0,"n00k2"
"734",733,3,0,0,0,0,0,0,3,"n0z"
"1105",1104,1,0,0,0,0,0,0,0,"Nail"
"366",365,2,0,0,0,0,0,0,0,"name"
"418",417,1,0,0,0,0,0,0,0,"nameless_jERk"
"1134",1133,1,0,0,0,0,0,0,0,"nanalee"
"637",636,4,0,1,0,0,0,0,39,"nasty"
"569",568,1,0,0,0,0,0,0,0,"Nathan"
"875",874,1232,0,0,2,6,16,20,3053,"nbc.shadow_no"
"879",878,3,0,0,0,0,0,0,0,"nbc.shadow_nos"
"369",368,2,0,0,0,0,0,0,0,"need1"
"241",240,1,0,0,0,0,0,0,0,"neowolf"
"393",392,160,0,0,10,12,19,20,1333,"neoxotb"
"1054",1053,2,0,0,0,0,0,0,0,"nep"
"360",359,328,0,1,9,22,27,13,2350,"Nephi"
"882",881,19,0,0,0,0,0,0,3,"nesqu1k"
"30",29,1,0,0,0,0,0,0,0,"Neur0"
"978",977,1,0,0,0,0,0,0,0,"neveride"
"285",284,2,0,0,0,0,0,0,0,"nevermore"
"747",746,1,0,0,0,0,0,0,0,"New_One"
"1003",1002,31,0,0,0,0,0,0,33,"NF"
"779",778,3,0,0,0,0,1,0,18,"nguyen"
"698",697,1,0,0,0,0,0,0,0,"nick"
"538",537,56,0,0,0,0,0,0,0,"nida_int"
"249",248,1,0,0,0,0,0,0,0,"niechcemisie_PL"
"603",602,55,0,0,0,0,0,1,113,"Nightfall"
"1132",1131,8,0,0,0,0,0,0,0,"Ninetales"
"1118",1117,4,0,0,0,0,0,0,0,"Ninzi"
"931",930,1,0,0,0,0,0,0,0,"Ninzi^"
"25",24,0,0,0,0,0,0,0,0,"NJ_SkaterPoe"
"715",714,77,0,0,0,0,0,0,34,"NLO"
"107",106,0,0,0,0,0,0,0,0,"nn.Foen"
"330",329,2,0,0,0,0,0,0,0,"no-brainer"
"1050",1049,1,0,0,0,0,0,0,0,"nobody"
"75",74,0,0,0,0,0,0,0,0,"noname"
"326",325,1,0,0,0,0,0,0,0,"noob"
"798",797,1,0,0,0,0,0,0,0,"NoobsLofasKropp"
"315",314,1,0,0,0,0,0,0,0,"nookpro"
"831",830,2,0,0,0,0,0,0,4,"noooob"
"823",822,10,0,0,0,0,0,0,0,"noProblem"
"1103",1102,1,0,0,0,0,0,0,0,"noriakikasai"
"670",669,2,0,0,0,0,0,0,0,"norman"
"676",675,2,0,0,0,0,0,0,0,"Nostradamus"
"880",879,1,0,0,0,0,0,0,0,"notAce"
"428",427,37,0,3,6,11,5,4,536,"nowicjusz"
"188",187,0,0,0,0,0,0,0,0,"NozE"
"764",763,350,0,0,6,12,14,16,1613,"Nubcake"
"883",882,1,0,0,0,0,0,0,0,"NubHard"
"504",503,1,0,0,0,0,0,0,7,"NumaveZi"
"968",967,2,0,0,0,0,0,0,0,"nupagadi"
"558",557,7,0,0,0,0,0,0,0,"Nye"
"963",962,39,0,0,0,0,0,0,12,"nyzki"
"347",346,27,0,0,0,0,0,0,36,"nz0r"
"745",744,9,0,0,0,0,0,0,13,"o0b"
"753",752,1,0,0,0,0,0,0,0,"observer"
"92",91,0,0,0,0,0,0,0,0,"OinX"
"452",451,1,0,0,0,0,0,0,0,"OLIVER_KAHN"
"371",370,1,0,0,0,0,0,0,0,"ololadin"
"422",421,3,0,0,0,0,1,0,13,"oney"
"290",289,72,0,6,3,4,5,2,516,"OpkeZ"
"1006",1005,1,0,0,0,0,0,0,0,"Oppe"
"378",377,2,0,0,0,0,0,0,0,"ORALE"
"279",278,973,0,0,0,2,3,6,1552,"OrangeTea"
"430",429,13,0,0,0,0,0,0,11,"osvald"
"869",868,1,0,0,0,0,0,0,0,"Oxotnik"
"818",817,5,0,0,0,0,0,0,0,"OZZy"
"644",643,1,0,0,0,0,0,0,0,"p"
"440",439,1,0,0,0,0,0,0,0,"P1mp"
"433",432,2,0,0,0,0,0,0,0,"pA!_Epeli"
"379",378,114,0,0,0,0,0,0,19,"pablo"
"843",842,1,0,0,0,0,0,0,0,"Pacifist_(AVB)"
"503",502,37,0,0,0,0,0,0,21,"pampalini"
"974",973,8,0,0,1,0,0,0,49,"pannu"
"383",382,3,0,0,0,0,0,0,10,"papahops"
"741",740,1,0,0,0,0,0,0,0,"PartyZan"
"533",532,1,0,0,0,0,0,0,0,"pasi"
"1102",1101,4,0,0,0,0,0,0,5,"Passion"
"179",178,0,0,0,0,0,0,0,0,"paxz3h"
"861",860,1,0,0,0,0,0,0,0,"pedal"
"435",434,2,0,0,0,0,0,0,0,"pedro"
"957",956,2,0,0,0,0,0,0,10,"pekka"
"722",721,1,0,0,0,0,0,0,0,"pekkkkkkkkka"
"966",965,16,0,0,0,0,0,0,7,"penaa^rhk"
"862",861,1,0,0,0,0,0,0,0,"perdole"
"709",708,4,0,0,0,0,0,0,0,"pfk"
"560",559,1,0,0,0,0,0,0,0,"phi_hi"
"782",781,1,0,0,0,0,0,0,0,"Phink"
"373",372,43,0,0,0,0,0,0,8,"Phu"
"653",652,1,0,0,0,0,0,0,0,"PI"
"324",323,1,0,0,0,0,0,0,0,"Pickashu"
"228",227,2,0,0,0,0,0,0,0,"Pidar"
"98",97,0,0,0,0,0,0,0,0,"Pikachu"
"168",167,0,0,0,0,0,0,0,0,"pillu"
"99",98,0,0,0,0,0,0,0,0,"Pingu"
"1036",1035,23,0,0,0,0,0,0,5,"PinguMoN^"
"1123",1122,3,0,0,0,0,0,0,0,"pizzan"
"850",849,3,0,0,0,0,0,0,2,"pl"
"280",279,386,0,0,0,0,0,0,41,"Plajjump"
"171",170,0,0,0,0,0,0,0,0,"Platos"
"110",109,28,0,0,0,0,0,0,0,"Player"
"895",894,1,0,0,0,0,0,0,0,"Player2"
"896",895,1,0,0,0,0,0,0,0,"Player23"
"562",561,1,0,0,0,0,0,0,0,"playok"
"900",899,1,0,0,0,0,0,0,4,"Pluto's_Heart"
"1060",1059,30,0,0,0,0,0,0,0,"poff"
"848",847,1,0,0,0,0,0,0,7,"POGONkurwa"
"655",654,1,0,0,0,0,0,0,0,"poland_sucks"
"529",528,2,0,0,0,0,0,0,0,"POlash_Boy"
"531",530,161,0,0,0,0,0,0,14,"Polish_boy"
"755",754,2,0,0,0,0,0,0,0,"Polish_KiNg"
"490",489,6,0,0,0,0,0,0,1,"Pong"
"995",994,12,0,0,0,0,0,0,3,"PopS"
"357",356,1,0,0,0,0,0,0,0,"ppp"
"225",224,4,0,0,0,0,0,0,2,"pr3zes"
"773",772,1407,0,402,267,179,131,93,23116,"prd"
"420",419,2,0,0,0,0,0,0,0,"PreTenD"
"599",598,1,0,0,0,0,0,0,0,"pretindica"
"229",228,1322,0,5,12,15,15,20,2910,"PRO-kypop"
"289",288,1,0,0,0,0,0,0,0,"PRO-PLAY"
"400",399,1,0,0,0,0,0,0,0,"pro_or_what"
"528",527,72,0,0,0,0,0,0,6,"Prop"
"672",671,3,0,0,0,0,0,0,0,"Propaganda"
"486",485,129,0,0,0,0,0,0,17,"przypal"
"397",396,7,0,0,0,0,0,0,13,"Pulldozer"
"1106",1105,1,0,0,0,0,0,0,0,"Pumb4"
"319",318,1,0,0,0,0,0,0,0,"punkz"
"1091",1090,1,0,0,0,0,0,0,0,"pureLOVE"
"95",94,0,0,0,0,0,0,0,0,"pzpr.pitchaq"
"821",820,1,0,0,0,0,0,0,0,"q"
"611",610,1,0,0,0,0,0,0,0,"Q2eV>Novatin8"
"788",787,1,0,0,0,0,0,0,0,"Q2Online"
"928",927,1,0,0,0,0,0,0,0,"Qce"
"1038",1037,82,0,0,0,0,0,0,9,"qt"
"765",764,1,0,0,0,0,0,0,0,"qTr"
"76",75,0,0,0,0,0,0,0,0,"quake4"
"407",406,1336,0,2,9,16,30,39,4928,"quazilin"
"607",606,222,0,0,0,0,1,0,215,"Qub"
"74",73,0,0,0,0,0,0,0,0,"qWeRt"
"810",809,1,0,0,0,0,0,0,0,"qwertz"
"898",897,3,0,0,0,0,0,0,0,"r"
"349",348,5,0,0,0,0,0,0,0,"R:ee"
"941",940,1,0,0,0,0,0,0,0,"R1p"
"247",246,1,0,0,0,0,0,0,0,"r4p3[m3]"
"80",79,0,0,0,0,0,0,0,0,"raija"
"381",380,1,0,0,0,0,0,0,0,"Rails"
"183",182,0,0,0,0,0,0,0,0,"RaiN^"
"904",903,6,0,0,0,0,0,0,17,"Rainmkr"
"67",66,1736,0,0,11,36,39,50,5335,"Rambler"
"399",398,11,0,0,0,0,0,1,25,"Random"
"643",642,528,0,0,2,0,1,2,444,"randy"
"936",935,150,0,0,1,1,1,0,101,"Ratiosu"
"62",61,460,0,0,0,0,0,0,241,"rav"
"21",20,0,0,0,0,0,0,0,0,"Raven[GOD]"
"942",941,4,0,0,0,0,0,0,0,"RaVo"
"868",867,210,0,0,0,1,2,5,430,"Razer"
"924",923,1,0,0,0,0,0,0,0,"Razer-Drunk"
"320",319,59,0,0,0,0,1,0,51,"razi"
"57",56,0,0,0,0,0,0,0,0,"RB"
"177",176,0,0,0,0,0,0,0,0,"rE.Fragmaster"
"530",529,1,0,0,0,0,0,0,0,"REALiSTiC"
"759",758,1,0,0,0,0,0,0,0,"Rebelisz"
"84",83,0,0,0,0,0,0,0,0,"ReD_FiRe_WoLf"
"707",706,1,0,0,0,0,0,0,0,"rehtnas"
"372",371,3,0,0,0,0,0,0,0,"Reverence"
"301",300,19,0,0,0,0,0,0,27,"Rhin"
"56",55,0,0,0,0,0,0,0,0,"RhymShit"
"1088",1087,43,0,0,0,0,0,0,9,"ricebiscuit"
"226",225,188,0,7,10,26,20,21,1819,"rl"
"1035",1034,1,0,0,0,0,0,0,0,"RmN"
"758",757,1,0,0,0,0,0,0,0,"Roach"
"578",577,1,0,0,0,0,0,0,0,"Rockitude"
"694",693,143,0,3,9,18,7,6,1111,"RoN!N"
"1034",1033,21,0,0,0,0,0,1,52,"ronald"
"176",175,0,0,0,0,0,0,0,0,"Rooty"
"610",609,7,0,0,0,0,0,0,0,"RosaLfant"
"780",779,1,0,0,0,0,0,0,0,"ross-food"
"1020",1019,6,0,0,1,0,0,0,44,"royce"
"763",762,3,0,0,0,0,0,0,0,"rpb"
"886",885,1,0,0,0,0,0,0,0,"Rua"
"909",908,91,0,0,0,0,0,0,66,"ruda"
"535",534,6,0,0,0,0,0,0,0,"ruks"
"338",337,18,0,0,0,0,0,0,0,"RUN*FOREST*RUN!"
"1017",1016,1,0,0,0,0,0,0,0,"run,lola,run"
"337",336,1,0,0,0,0,0,0,0,"RUN_FOREST_RUN!"
"485",484,1,0,0,0,0,0,0,0,"runswithwolves"
"572",571,1,0,0,0,0,0,0,0,"rupu-cupu"
"434",433,1,0,0,0,0,0,0,0,"RVL"
"1028",1027,1,0,0,0,0,0,0,0,"s"
"189",188,0,0,0,0,0,0,0,0,"S-I-Plato-C-K"
"467",466,1,0,0,0,0,0,0,0,"S.Hannawald"
"811",810,5,0,0,0,0,0,0,0,"s0ul0"
"97",96,0,0,0,0,0,0,0,0,"Sabbra"
"200",199,0,0,0,0,0,0,0,0,"SadButTrue"
"1084",1083,2,0,0,0,0,0,0,0,"saico"
"253",252,652,0,0,0,3,8,9,1423,"Sanja"
"227",226,695,0,24,77,93,94,57,7677,"santher"
"317",316,1,0,0,0,0,0,0,0,"santhernoob"
"761",760,3,0,0,0,0,0,0,7,"sasfd"
"1040",1039,13,0,1,3,1,3,1,161,"sbammm"
"212",211,183,0,3,2,12,18,8,1142,"SBL"
"846",845,1,0,0,0,0,0,0,0,"sc"
"423",422,39,0,0,0,1,3,1,225,"Sceletoner"
"539",538,1,0,0,0,0,0,0,0,"sceletor-chuj"
"840",839,1,0,0,0,0,0,0,0,"SchooledDaMule"
"453",452,1,0,0,0,0,0,0,0,"SCHUMMAHER"
"243",242,218,0,0,0,6,1,6,637,"Scipio"
"624",623,22,0,0,0,0,1,1,63,"scootaloo"
"601",600,252,0,0,0,0,0,1,204,"Scorpion"
"545",544,2,0,0,0,0,0,0,0,"secretargeneral"
"1096",1095,2,0,0,0,0,0,0,0,"Seedor!"
"505",504,1,0,0,0,0,0,0,0,"sempron"
"222",221,6,0,0,0,0,0,0,0,"SENSEI"
"1042",1041,12,0,0,0,0,0,0,8,"Serperior"
"809",808,4,0,0,0,0,0,0,0,"sex_master"
"1021",1020,187,0,0,1,4,3,5,604,"sh@dow"
"679",678,1,0,0,0,0,0,0,0,"Sh1zN0"
"1126",1125,9,0,0,0,0,0,0,0,"shabba"
"1093",1092,68,0,0,0,0,0,0,7,"shabbatai"
"388",387,6,0,0,0,0,0,0,0,"shadowsiphon"
"230",229,1,0,0,0,0,0,0,0,"Sheep"
"1016",1015,1,0,0,0,0,0,0,0,"ShInObI"
"566",565,1,0,0,0,0,0,0,0,"shit-map"
"794",793,1,0,0,0,0,0,0,0,"shitadmins"
"621",620,538,0,0,0,0,0,0,246,"shpongle"
"1009",1008,6,0,0,0,0,0,0,0,"shqp"
"579",578,1,0,0,0,0,0,0,0,"Siegfried"
"472",471,2,0,0,0,0,0,0,0,"Sieroza"
"842",841,8,0,0,0,0,0,0,13,"Silly"
"651",650,1,0,0,0,0,0,0,0,"Sitro"
"1116",1115,1,0,0,0,0,0,0,0,"SkF*InTelliEye"
"298",297,336,0,0,0,0,0,2,231,"skjol"
"487",486,1,0,0,0,0,0,0,0,"skunkculture"
"557",556,65,0,2,2,2,5,5,375,"Skyline"
"267",266,1,0,0,0,0,1,0,13,"slayer"
"316",315,1,0,0,0,0,0,0,0,"slug_noob"
"220",219,760,0,3,2,15,23,26,2918,"slugsk!e"
"1001",1000,1,0,0,0,0,0,0,0,"slumilioner"
"812",811,4,0,0,0,0,0,1,29,"slv"
"890",889,1,0,0,0,0,0,0,0,"Sm0k1'm0"
"688",687,6,0,0,0,0,0,0,0,"SM2K14"
"94",93,0,0,0,0,0,0,0,0,"SmAuG"
"32",31,0,0,0,0,0,0,0,0,"sml"
"958",957,1,0,0,0,0,0,0,0,"Sn0k3n"
"221",220,230,0,0,2,5,13,16,1324,"snake"
"272",271,1,0,0,0,0,0,0,9,"sname"
"1024",1023,2,0,0,0,0,0,0,0,"Snigur"
"365",364,3,0,0,1,0,0,0,26,"SnL-APKIS"
"718",717,1,0,0,0,0,0,0,0,"snowl"
"218",217,8,0,0,0,0,0,0,0,"sofiene"
"276",275,9,0,0,0,0,0,0,0,"Solardrius"
"45",44,0,0,0,0,0,0,0,0,"SoleilNoir"
"1094",1093,97,0,0,0,0,0,0,23,"Some1"
"863",862,1,0,0,0,0,0,0,0,"sonix"
"837",836,1,0,0,0,0,0,0,0,"Soviet"
"138",137,0,0,0,0,0,0,0,0,"Sp00n}{ell"
"1029",1028,1,0,0,0,0,0,0,0,"Spade"
"368",367,1,0,0,0,0,0,0,0,"spam"
"474",473,1,0,0,0,0,0,0,0,"spanther"
"602",601,1,0,0,0,0,0,0,0,"spawn"
"2",1,1,0,0,0,0,0,0,0,"Spectar"
"723",722,3,0,0,0,0,0,0,1,"SPILONIZER"
"1049",1048,2,0,0,0,0,0,0,0,"Spl"
"555",554,1,0,0,0,0,0,0,0,"SpLaTbOy"
"348",347,1,0,0,0,0,0,0,0,"spongebob"
"754",753,50,0,0,0,0,0,0,22,"Squaah"
"749",748,15,0,0,0,0,0,1,64,"SqUiRt"
"513",512,1,0,0,0,0,0,0,0,"sraczka"
"1057",1056,2,0,0,0,0,0,0,2,"SRAKA"
"997",996,1,0,0,0,1,0,0,16,"SrGuillester"
"908",907,1,0,0,0,0,0,0,0,"ss"
"623",622,1,0,0,0,0,0,0,0,"SsregitosS"
"133",132,0,0,0,0,0,0,0,0,"St0k3d"
"165",164,0,0,0,0,0,0,0,0,"St0rM"
"69",68,0,0,0,0,0,0,0,0,"stab"
"750",749,5,0,0,0,0,0,0,18,"stab2"
"454",453,1,0,0,0,0,0,0,0,"STALIN=GAY"
"1104",1103,46,0,0,0,0,0,0,6,"Stalker"
"70",69,33,0,0,0,0,0,0,11,"StalkerKoffie"
"115",114,0,0,0,0,0,0,0,0,"StalkerTea"
"206",205,343,0,0,0,1,4,4,671,"StardusT"
"834",833,1,0,0,0,0,0,0,0,"staszowZYDY"
"405",404,182,0,0,2,0,4,5,589,"step"
"457",456,1,0,0,0,0,0,0,0,"stepper"
"1108",1107,1,0,0,0,0,0,0,0,"STEPSIZE"
"146",145,0,0,0,0,0,0,0,0,"STO3R.v3"
"991",990,8,0,0,0,0,0,0,0,"stoned'"
"236",235,533,0,40,67,76,66,56,6591,"Stoner"
"1110",1109,1,0,0,0,0,0,0,0,"StorBen"
"845",844,1,0,0,0,0,0,0,0,"STORM"
"990",989,16,0,0,0,0,0,0,0,"strc"
"28",27,0,0,0,0,0,0,0,0,"Strike"
"117",116,0,0,0,0,0,0,0,0,"Struiseh!"
"325",324,5,0,0,0,0,0,0,8,"strzelacz"
"891",890,1,0,0,0,0,0,0,0,"Suislide"
"628",627,2,0,0,0,0,0,0,0,"Suoky"
"1044",1043,1,0,0,0,0,0,0,0,"sup"
"277",276,55,0,0,0,0,0,0,15,"Super_Mario"
"257",256,2,0,0,0,0,0,0,0,"sus"
"1125",1124,1,0,0,0,0,0,0,0,"syanid"
"336",335,4,0,0,0,0,1,0,40,"szonek"
"664",663,4,0,0,0,0,0,0,11,"Sztrucel"
"899",898,1,0,0,0,0,0,0,0,"szymon"
"887",886,1,0,0,0,0,0,0,0,"szyzydymyzy"
"660",659,2,0,0,0,0,0,0,0,"TAM"
"363",362,4,0,0,0,0,0,0,7,"tatomaatti"
"158",157,0,0,0,0,0,0,0,0,"tdg_hubercik"
"82",81,0,0,0,0,0,0,0,0,"Teecee"
"197",196,0,0,0,0,0,0,0,0,"TEHavalanche"
"604",603,47,0,0,0,0,0,0,4,"TehChaoz"
"234",233,137,0,1,5,4,1,6,641,"TeiOch^[tLk]"
"746",745,1,0,0,0,0,0,0,0,"test"
"1071",1070,1,0,0,0,0,0,0,0,"testingace"
"1046",1045,54,0,1,1,1,0,3,239,"the_FRESH_k1d"
"638",637,1,0,0,0,0,0,0,0,"TheBest"
"1081",1080,1,0,0,0,0,0,0,0,"theBrool"
"702",701,1,0,0,0,0,0,0,0,"theFRESHkid"
"532",531,2,0,0,0,0,0,0,0,"TheJ"
"255",254,99,0,1,0,1,0,7,275,"theloneranger"
"116",115,0,0,0,0,0,0,0,0,"ThePetKiller"
"915",914,1,0,0,0,0,0,0,0,"ThePit85"
"294",293,1,0,0,0,0,0,0,0,"Theworst"
"618",617,1,0,0,0,0,0,0,0,"thonolan"
"1074",1073,3,0,0,0,0,0,0,5,"tHriL"
"695",694,23,0,0,0,0,0,1,54,"thuGGee"
"111",110,0,0,0,0,0,0,0,0,"Tide"
"232",231,298,0,6,32,42,43,27,3174,"Tig"
"680",679,37,0,0,0,0,0,0,1,"tjotosz?"
"598",597,255,0,0,0,0,0,2,211,"Tofik"
"1121",1120,1,0,0,0,0,0,0,0,"tOk.P!o"
"592",591,9,0,0,0,0,0,0,0,"tommy"
"79",78,1,0,0,0,0,0,0,0,"Tony"
"1058",1057,1,0,0,0,0,0,0,0,"toogood"
"608",607,1,0,0,0,0,0,0,0,"torail"
"239",238,76,0,3,3,7,9,8,663,"ToRc}{"
"935",934,1,0,0,0,0,0,0,0,"ToxicIsBeautifu"
"208",207,1323,0,1,1,3,5,10,963,"ToxicMonkey^MZC"
"767",766,1,0,0,0,0,0,0,0,"ToXiiC"
"766",765,2,0,0,0,0,0,0,0,"toxqj"
"59",58,0,0,0,0,0,0,0,0,"Tralz"
"331",330,1,0,0,0,0,0,0,0,"Trd_Trd"
"275",274,6,0,0,0,0,0,0,0,"Trent"
"193",192,0,0,0,0,0,0,0,0,"Trident"
"12",11,0,0,0,0,0,0,0,0,"TrIpPiN"
"613",612,1,0,0,0,0,0,0,0,"TriXx|Vu|1|can"
"960",959,2,0,0,0,0,0,0,0,"troop"
"658",657,30,0,0,0,0,0,0,2,"TropiKo"
"950",949,4,0,0,0,0,0,0,0,"tuhma"
"820",819,1,0,0,0,0,0,0,0,"TUM"
"58",57,0,0,0,0,0,0,0,0,"Tunafish.tmp"
"1013",1012,211,0,0,0,1,1,2,549,"Turbo"
"867",866,1,0,0,0,0,1,0,13,"UaT"
"520",519,1,0,0,0,0,0,0,0,"uBaH"
"411",410,2,0,0,0,0,0,0,0,"uBaH_DoPH"
"307",306,2,0,0,0,0,0,0,10,"UGHH"
"1019",1018,1,0,0,0,0,0,0,0,"Ultraviolence"
"209",208,232,0,2,3,5,9,9,1164,"UniBG"
"813",812,127,0,0,0,0,0,1,91,"unit3D"
"481",480,1,0,0,0,0,0,0,0,"Unix"
"498",497,4,0,0,0,0,0,0,0,"unnamed"
"185",184,0,0,0,0,0,0,0,0,"unpreDIct"
"1067",1066,1,0,0,0,0,0,0,0,"URMOTHER"
"1109",1108,1,0,0,0,0,0,0,0,"user"
"456",455,1,0,0,0,0,0,0,0,"vagina"
"833",832,164,0,0,0,0,0,0,87,"Valuutta"
"524",523,2,0,0,0,0,0,0,0,"Veezy"
"271",270,21,0,0,0,0,0,0,10,"Visor"
"231",230,402,0,0,3,1,2,0,617,"Voety"
"135",134,0,0,0,0,0,0,0,0,"w00dStocK"
"19",18,0,0,0,0,0,0,0,0,"wandy_shc"
"965",964,10,0,0,0,0,0,0,4,"wannab'"
"412",411,3,0,0,0,0,0,0,0,"Wannabe"
"866",865,1,0,0,0,0,0,0,2,"WAR!AT"
"777",776,2,0,0,0,0,0,0,8,"WasteR"
"27",26,0,0,0,0,0,0,0,0,"wec"
"258",257,71,0,1,0,1,2,4,343,"WhiteDemoN"
"657",656,2,0,0,0,0,0,0,0,"who"
"892",891,1,0,0,0,0,0,0,0,"WhyNoAPKIS?"
"588",587,1,0,0,0,0,0,0,0,"WieslawRurarz"
"849",848,296,0,0,0,0,0,0,203,"Wolfeh"
"770",769,1,0,0,0,0,0,0,0,"wootwoot"
"163",162,0,0,0,0,0,0,0,0,"wow"
"542",541,2,0,0,0,0,0,0,0,"wtc_wtz"
"139",138,0,0,0,0,0,0,0,0,"www.catnip.tk"
"689",688,1,0,0,0,0,0,0,0,"X.X.X"
"540",539,1,0,0,0,0,0,0,0,"Xatrix"
"534",533,16,0,0,0,0,0,0,7,"xcrx"
"502",501,4,0,0,0,0,0,0,6,"XCRZUHH"
"192",191,0,0,0,0,0,0,0,0,"xircuit(2.0)"
"982",981,88,0,0,0,0,0,0,184,"XtraGhost"
"943",942,7,0,0,0,0,0,0,0,"Xx4v9LatiosxX"
"952",951,2,0,0,0,0,0,0,0,"Xx4v9RatiasuxX"
"132",131,0,0,0,0,0,0,0,0,"xXraven0uZXx"
"39",38,0,0,0,0,0,0,0,0,"Xyb^"
"191",190,0,0,0,0,0,0,0,0,"xyz"
"1133",1132,1,0,0,0,0,0,0,0,"yageman"
"906",905,1,0,0,0,0,0,0,0,"yak"
"781",780,1,0,0,0,0,0,0,0,"yand3x"
"147",146,0,0,0,0,0,0,0,0,"yEroo"
"955",954,1,0,0,0,0,0,0,0,"yigit"
"251",250,1168,0,85,109,93,121,106,11935,"yogurt"
"536",535,8,0,0,0,0,0,0,0,"Yummiee!"
"635",634,3,0,0,0,0,0,0,0,"Z"
"762",761,1,0,0,0,0,0,0,0,"z3r0c00l"
"930",929,2,0,0,0,0,0,0,0,"zaibatsu"
"757",756,1,0,0,0,0,0,0,0,"zaibatzu"
"563",562,1,0,0,0,0,0,0,0,"zaser"
"37",36,0,0,0,0,0,0,0,0,"Zenix^"
"614",613,4,0,0,0,0,0,0,0,"zer0"
"195",194,0,0,0,0,0,0,0,0,"zero"
"328",327,1,0,0,0,0,0,0,0,"ZeroMan"
"1051",1050,2509,0,0,3,9,31,41,5417,"zerosignal"
"269",268,1,0,0,0,0,0,0,0,"Zgwalce_Cie!"
"881",880,4,0,0,0,0,0,0,10,"Zifre"
"1079",1078,1,0,0,0,0,0,0,0,"zilla"
"661",660,2,0,0,0,0,0,0,0,"ziman"
"184",183,0,0,0,0,0,0,0,0,"ziolo"
"1000",999,1,0,0,0,0,0,0,0,"ziomek"
"975",974,316,0,6,20,46,25,26,3066,"Zod"
"626",625,1,0,0,0,0,0,0,0,"zoinks"
"297",296,10,0,0,0,1,0,0,34,"ZORIX"
"312",311,5,0,0,0,0,0,0,7,"zorre"
"937",936,1,0,0,0,0,0,0,0,"ZulleX"
"1",0,0,0,0,0,0,0,0,0,"zYc0"
"51",50,0,0,0,0,0,0,0,0,"zZz"
